Name,Logo
ADP,https://download.logo.wine/logo/ADP_(company)/ADP_(company)-Logo.wine.png
AdRoll,https://s.financesonline.com/uploads/2016/07/adroll-logo.png
Adobe,https://logoeps.com/wp-content/uploads/2013/07/adobe-eps-vector-logo.png
Amazon,https://thumbs.dreamstime.com/b/amazon-logo-editorial-vector-illustration-market-136495269.jpg
Apple,https://cdn.pixabay.com/photo/2018/05/08/21/28/apple-3384010_960_720.png
Asana,https://s.financesonline.com/uploads/2019/08/asana_logo1.png
Atlassian,https://seekvectorlogo.com/wp-content/uploads/2019/04/atlassian-vector-logo.png
Bill.Com,https://financesonline.com/uploads/2021/05/Bill.com-Small-Thumbnail.png
Bluefish.ai,https://financesonline.com/uploads/2021/07/Bluefish.ai-logo-1.png
Box,https://seekvectorlogo.com/wp-content/uploads/2017/12/box-vector-logo.png
Bridge24,https://s.financesonline.com/uploads/2020/05/br24logo.png
Cisco,https://www.seekpng.com/png/detail/199-1992938_cisco-systems-logo-png-transparent-cisco-logo.png
CircleCI,https://s.financesonline.com/uploads/2019/09/CircleCI-logo1.png
Clari,https://s.financesonline.com/uploads/2019/09/Clari-logo1.png
Clarizen,https://s.financesonline.com/uploads/2019/08/Clarizen-logo1.png
ContractWorks,https://s.financesonline.com/uploads/2019/11/ContractWorks-logo1.png
Cornerstone,https://s.financesonline.com/uploads/2019/09/Cornerstone-OnDemand-logo1.png
Datadog,https://s.financesonline.com/uploads/2019/08/Datadog_Logo1.png
Coupa,https://s.financesonline.com/uploads/2019/09/Coupa-logo1.png
DocuSign,https://s.financesonline.com/uploads/2019/08/DocuSign_Logo1.png
Dynatrace,https://s.financesonline.com/uploads/2019/09/dynatrace-logo1.png
Facebook,https://seekvectorlogo.com/wp-content/uploads/2017/12/facebook-vector-logo.png
Flock,https://s.financesonline.com/uploads/2019/09/flock-logo1.png
Freshdesk,https://s.financesonline.com/uploads/2019/08/freshdesk-logo1.png
Freshworks,https://seekvectorlogo.com/wp-content/uploads/2019/09/freshworks-vector-logo.png
GitLab,https://s.financesonline.com/uploads/2018/02/GitLab-logo-1.png
Google,https://brandlogos.net/wp-content/uploads/2015/09/Google-logo-1-512x512.png
HPE,https://s.financesonline.com/uploads/2016/02/hpth.png
HubSpot,https://s.financesonline.com/uploads/2019/08/hubspot1.png
Intuit,https://download.logo.wine/logo/Intuit/Intuit-Logo.wine.png
JetBrains,https://resources.jetbrains.com/storage/products/company/brand/logos/jb_beam.png
Juro,https://s.financesonline.com/uploads/2021/05/Juro-main-thumbnail.png
LogMeIn,https://seekvectorlogo.com/wp-content/uploads/2019/09/logmein-inc-logo-vector.png
Lucid,https://toppng.com/uploads/preview/lucid-logo-11609367883vtf4wecl7c.png
Medium,https://seekvectorlogo.com/wp-content/uploads/2018/01/medium-vector-logo.png
Microsoft,https://seekvectorlogo.com/wp-content/uploads/2017/12/microsoft-vector-logo.png
Miro,https://s.financesonline.com/uploads/2020/10/miro-logo.png
MobileIron,https://s.financesonline.com/uploads/2019/09/MobileIron-logo1.png
monday.com,https://s.financesonline.com/uploads/2018/01/monday-1.png
MuleSoft,https://seekvectorlogo.com/wp-content/uploads/2018/11/mulesoft-vector-logo.png
New Relic,https://s.financesonline.com/uploads/2019/09/NewRelic-logo1.png
ngDesk,https://s.financesonline.com/uploads/2019/12/ngDesk-logo1.png
Oracle,https://seekvectorlogo.com/wp-content/uploads/2017/12/oracle-vector-logo.png
PagerDuty,https://s.financesonline.com/uploads/2019/09/pagerduty_logo1.png
PandaDoc,https://s.financesonline.com/uploads/2019/08/pd-1.png
Pluralsight,https://s.financesonline.com/uploads/2019/08/Pluralsight-logo1.png
Salesforce,https://s.financesonline.com/uploads/2019/07/Salesforce-Logo1.png
SAP,https://s.financesonline.com/uploads/2019/08/SAP-Jam-logo1.png
Sauce Labs,https://s.financesonline.com/uploads/2019/09/Sauce-Labs-logo1.png
Shopify,https://s.financesonline.com/uploads/2015/07/shopifyth.png
Sisense,https://s.financesonline.com/uploads/2021/02/vp7e9bab0a8469a4e8eb87d64de5c3efba.png
SmartBear,https://logovectorseek.com/wp-content/uploads/2020/09/smartbear-software-logo-vector.png
Smartsheet,https://seekvectorlogo.com/wp-content/uploads/2018/11/smartsheet-vector-logo.png
Splunk,https://s.financesonline.com/uploads/2019/08/Splunk-Logo1.png
Twilio,https://logowik.com/content/uploads/images/t_twilio2236.jpg
Udemy,https://s.financesonline.com/uploads/2019/08/udemy-logo1.png
WalkMe,https://s.financesonline.com/uploads/2017/05/WalkMe-logo.png
Wrike,https://seekvectorlogo.com/wp-content/uploads/2018/11/wrike-inc-vector-logo.png
Workato,https://s.financesonline.com/uploads/2019/09/workato-logo1.png
Workday,https://s.financesonline.com/uploads/2015/05/Workday_logo.png
Xactly,https://s.financesonline.com/uploads/2019/09/xactly-logo1.png
Xero,https://s.financesonline.com/uploads/2019/08/xero-logo1.png
Zendesk,https://s.financesonline.com/uploads/2019/07/zendesk-logo1.png
Zoho,https://seekvectorlogo.com/wp-content/uploads/2019/11/zoho-corporation-pvt-ltd-vector-logo.png
Zoom,https://s.financesonline.com/uploads/2017/07/zoom-logo.png
ZoomInfo,https://s.financesonline.com/uploads/2020/06/ZoomInfo-logo1.png
Zuora,https://s.financesonline.com/uploads/2014/10/zuora.png